{"blog-sidebar":{"charitable_campaign_terms_widget-2":{"title":"Cause Categories","taxonomy":"campaign_category","show_count":true,"hide_empty":true,"dropdown":false},"borntogive_core_recent_post-3":{"title":"Latest Posts","type":"","number":"3","posts":0},"charitable_donation_stats_widget-2":{"title":""}},"page-sidebar":{"charitable_campaigns_widget-3":{"title":"Latest Causes","number":"3","show_thumbnail":true,"order":"recent"},"borntogive_core_recent_post-4":{"title":"Recent Posts","type":"","number":"3","posts":0}},"post-sidebar":{"search-2":{"title":""},"borntogive_core_tabs_widget-2":{"posts":1,"comments":1,"tags":1,"posts_no":"3","comments_no":"3","tags_no":"10"},"categories-4":{"title":"Post Categories","count":1,"hierarchical":0,"dropdown":0},"charitable_donors_widget-2":{"title":"","number":"10","order":"recent","campaign_id":"all","show_distinct":1,"show_avatar":1,"show_location":0,"show_amount":0,"show_name":0,"hide_if_no_donors":0}},"footer-sidebar":{"text-1":{"title":"About Born to Give","text":"<img class=\"alignnone wp-image-1270 size-full\" src=\"https:\/\/data.imithemes.com\/born-to-give\/wp-content\/uploads\/sites\/4\/2018\/08\/logo.png\" alt=\"\" width=\"199\" height=\"30\" \/>\r\n\r\nLorem ipsum dolor sit amet, consectetur adipiscing elit. Nulla convallis egestas rhoncus. Donec facilisis fermentum sem, ac viverra ante luctus vel. Donec vel mauris quam.","filter":true,"visual":true},"nav_menu-1":{"title":"Blogroll","nav_menu":51},"pi_simpletwittertweets-1":{"title":"We are on Twitter","titleLink":null,"name":"imithemes","numTweets":"2","cacheTime":"5","consumerKey":"","consumerSecret":"","accessToken":"","accessTokenSecret":"","exclude_replies":"on","twitterFollow":null,"dataShowCount":null,"dataShowScreenName":null,"dataLang":"en","timeRef":null,"timeAgo":"true","twitterIntents":null,"twitterIntentsText":null,"intentColor":"#999999","showAvatar":null,"roundCorners":null,"avatarSize":""}},"megamenu-sidebar":{"nav_menu-2":{"title":"Features","nav_menu":26},"charitable_campaigns_widget-2":{"title":"Latest Causes","number":"2","show_thumbnail":true,"order":"recent"},"borntogive_core_recent_post-5":{"title":"Latest news","type":"","number":"2","posts":0},"text-2":{"title":"Featured Video","text":"<div class=\"fw-video\"><iframe src=\"https:\/\/player.vimeo.com\/video\/62947247\" width=\"500\" height=\"375\" frameborder=\"0\" webkitallowfullscreen mozallowfullscreen allowfullscreen><\/iframe><\/div>","filter":false}}}